local-1790212504	main	test-acceptance-ready.sh	0	0	0	0	parallel
local-1790212504	main	test-acceptance-ci.sh	0	1	0	0	parallel
local-1790212504	main	test-aeon-dirty-commit.sh	77	1	0	0	parallel
local-1790212504	main	test-activate.sh	0	2	0	0	parallel
local-1790212504	main	test-aeon-heartbeat.sh	77	0	0	0	parallel
local-1790212504	main	test-aeon-launch-grammar.sh	77	0	0	0	parallel
local-1790212504	main	test-aeon-lease.sh	0	1	0	0	parallel
local-1790212504	main	test-aeon-fence-bd-create.sh	0	2	0	0	parallel
local-1790212504	main	test-aeon-wiki-concurrent.sh	0	0	0	0	parallel
local-1790212504	main	test-aeon-worktree-guard.sh	0	2	0	0	parallel
local-1790212504	main	test-acceptance-run.sh	0	7	0	0	parallel
local-1790212504	main	test-aeon-fence.sh	0	8	0	0	parallel
local-1790212504	main	test-aeon-decision-blocked.sh	0	17	0	0	parallel
local-1790212504	main	test-aeon-sweep.sh	0	14	0	0	parallel
local-1790212504	main	test-aeon-operator-wait.sh	0	17	0	0	parallel
local-1790212504	main	test-answers-silent-seed.sh	0	12	0	0	parallel
local-1790212504	main	test-aeon-presession-death.sh	0	19	0	0	parallel
local-1790212504	main	test-aeon-yield-headless.sh	0	17	0	0	parallel
local-1790212504	main	test-aeon-gate-close-silent.sh	0	24	0	0	parallel
local-1790212504	main	test-archivist-cited-bead.sh	0	7	0	0	parallel
local-1790212504	main	test-aeon-exit.sh	0	25	0	0	parallel
local-1790212504	main	test-answers-premise-rejected.sh	0	21	0	0	parallel
local-1790212504	main	test-aeon-prompt-layers.sh	0	29	0	0	parallel
local-1790212504	main	test-aeon-world-stop.sh	0	28	0	0	parallel
local-1790212504	main	test-archivist.sh	0	15	0	0	parallel
local-1790212504	main	test-aeon-wiki-dirty.sh	0	38	0	0	parallel
local-1790212504	main	test-aeon-prod-dirty.sh	0	40	0	0	parallel
local-1790212504	main	test-aeon-resume.sh	0	43	0	0	parallel
local-1790212504	main	test-aeon-ledger.sh	0	46	0	0	parallel
local-1790212504	main	test-aeon-eviction-race.sh	0	55	0	0	parallel
local-1790212504	main	test-aeon-verdict.sh	0	87	0	0	parallel
local-1790212504	main	test-artifact-install.sh	0	150	0	0	parallel
local-1790212504	main	test-batch-certified-landed.sh	0	3	0	0	parallel
local-1790212504	main	test-batch-certified-orphan.sh	0	3	0	0	parallel
local-1790212504	main	test-batch-conflicting-pr.sh	0	2	0	0	parallel
local-1790212504	main	test-batch-maxpar.sh	0	1	0	0	parallel
local-1790212504	main	test-batch-closed-red-live.sh	0	5	0	0	parallel
local-1790212504	main	test-batch-idle-cut.sh	0	4	0	0	parallel
local-1790212504	main	test-bd-lock-retry.sh	0	1	0	0	parallel
local-1790212504	main	test-bd-resolve.sh	0	1	0	0	parallel
local-1790212504	main	test-bd-remember-guard.sh	0	3	0	0	parallel
local-1790212504	main	test-bd-delivers-label-guard.sh	0	5	0	0	parallel
local-1790212504	main	test-bd-schema-stamp.sh	0	1	0	0	parallel
local-1790212504	main	test-bd-stdin.sh	0	0	0	0	parallel
local-1790212504	main	test-bead-lane-guard.sh	0	1	0	0	parallel
local-1790212504	main	test-batch-cited-commit.sh	0	14	0	0	parallel
local-1790212504	main	test-bead-file-kinds.sh	0	4	0	0	parallel
local-1790212504	main	test-beads-push-verify.sh	0	3	0	0	parallel
local-1790212504	main	test-beads-sparklines.sh	0	2	0	0	parallel
local-1790212504	main	test-batch-stuck.sh	0	12	0	0	parallel
local-1790212504	main	test-boundary.sh	0	2	0	0	parallel
local-1790212504	main	test-bd-update-inflight-guard.sh	0	9	0	0	parallel
local-1790212504	main	test-branch-guard.sh	0	2	0	0	parallel
local-1790212504	main	test-brief-mail-options.sh	0	7	0	0	parallel
local-1790212504	main	test-budget-drift.sh	0	6	0	0	parallel
local-1790212504	main	test-bin-manifest.sh	0	9	0	0	parallel
local-1790212504	main	test-build-bd-release.sh	0	5	0	0	parallel
local-1790212504	main	test-build-tarball.sh	0	1	0	0	parallel
local-1790212504	main	test-builder-qa-proposed.sh	0	1	0	0	parallel
local-1790212504	main	test-batch-lock.sh	0	24	0	0	parallel
local-1790212504	main	test-cadence-tool.sh	77	1	0	0	parallel
local-1790212504	main	test-build.sh	0	1	0	0	parallel
local-1790212504	main	test-cadence.sh	77	2	0	0	parallel
local-1790212504	main	test-capacity-probe.sh	0	0	0	0	parallel
local-1790212504	main	test-beads-push-commit.sh	0	16	0	0	parallel
local-1790212504	main	test-census-window.sh	0	1	0	0	parallel
local-1790212504	main	test-cert-gate-reopen-note.sh	0	1	0	0	parallel
local-1790212504	main	test-broker.sh	0	14	0	0	parallel
local-1790212504	main	test-chamber-repo-labels.sh	0	2	0	0	parallel
local-1790212504	main	test-bead-lint.sh	0	22	0	0	parallel
local-1790212504	main	test-attempts.sh	0	38	0	0	parallel
local-1790212504	main	test-bd-close-unacked-guard.sh	0	34	0	0	parallel
local-1790212504	main	test-check2-reclaim.sh	0	9	0	0	parallel
local-1790212504	main	test-cert-lint.sh	0	18	0	0	parallel
local-1790212504	main	test-batch-repeat-refused-delivers.sh	0	44	0	0	parallel
local-1790212504	main	test-check5-delivers-action.sh	0	9	0	0	parallel
local-1790212504	main	test-check5-body-search.sh	0	25	0	0	parallel
local-1790212504	main	test-canary.sh	0	34	0	0	parallel
local-1790212504	main	test-check5-content-landed.sh	0	28	0	0	parallel
local-1790212504	main	test-check5-drop.sh	0	17	0	0	parallel
local-1790212504	main	test-check5-delivers-check.sh	0	26	0	0	parallel
local-1790212504	main	test-check5-delivers-falls-through.sh	0	21	0	0	parallel
local-1790212504	main	test-auron.sh	0	72	0	0	parallel
local-1790212504	main	test-check5-landed-no-delivers.sh	0	18	0	0	parallel
local-1790212504	main	test-check5-landstate.sh	0	15	0	0	parallel
local-1790212504	main	test-check5-hold-no-reopen.sh	0	34	0	0	parallel
local-1790212504	main	test-check5-landed-assert.sh	0	25	0	0	parallel
local-1790212504	main	test-census-reopen.sh	0	59	0	0	parallel
local-1790212504	main	test-check5-unmapped-repo.sh	0	15	0	0	parallel
local-1790212504	main	test-cockpit-collect-probes.sh	0	1	0	0	parallel
local-1790212504	main	test-cockpit-collector-quota.sh	0	1	0	0	parallel
local-1790212504	main	test-check5-sweep-delivers.sh	0	20	0	0	parallel
local-1790212504	main	test-cockpit-collector-watchdog.sh	0	1	0	0	parallel
local-1790212504	main	test-citations.sh	0	8	0	0	parallel
local-1790212504	main	test-check8-progressed.sh	0	18	0	0	parallel
local-1790212504	main	test-cockpit-layout-conf.sh	0	3	0	0	parallel
local-1790212504	main	test-cockpit-dup-refs.sh	0	8	0	0	parallel
local-1790212504	main	test-cockpit-fuse.sh	0	8	0	0	parallel
local-1790212504	main	test-cockpit-conf-change.sh	0	9	0	0	parallel
local-1790212504	main	test-cockpit-layout-ensure-focus.sh	0	7	0	0	parallel
local-1790212504	main	test-cockpit-mouse.sh	0	1	0	0	parallel
local-1790212504	main	test-cockpit-layout-identity.sh	0	2	0	0	parallel
local-1790212504	main	test-cockpit-landed.sh	0	10	0	0	parallel
local-1790212504	main	test-cockpit-layout-mail.sh	0	3	0	0	parallel
local-1790212504	main	test-batch.sh	0	95	0	0	parallel
local-1790212504	main	test-cockpit-gate.sh	0	15	0	0	parallel
local-1790212504	main	test-cockpit-layout.sh	0	6	0	0	parallel
local-1790212504	main	test-ci-park.sh	0	26	0	0	parallel
local-1790212504	main	test-census-watermark.sh	0	78	0	0	parallel
local-1790212504	main	test-cockpit-probe-fault.sh	0	8	0	0	parallel
local-1790212504	main	test-cockpit-reachable.sh	0	7	0	0	parallel
local-1790212504	main	test-cockpit-ready-seeded.sh	0	7	0	0	parallel
local-1790212504	main	test-cockpit-queue-section.sh	0	14	0	0	parallel
local-1790212504	main	test-cockpit-ready.sh	0	7	0	0	parallel
local-1790212504	main	test-cockpit-remote.sh	0	5	0	0	parallel
local-1790212504	main	test-cockpit-queue.sh	0	13	0	0	parallel
local-1790212504	main	test-certify.sh	0	82	0	0	parallel
local-1790212504	main	test-cockpit-runtime-path.sh	0	2	0	0	parallel
local-1790212504	main	test-cockpit-snap-absent.sh	0	1	0	0	parallel
local-1790212504	main	test-cockpit-self.sh	0	4	0	0	parallel
local-1790212504	main	test-cockpit-repo-labels.sh	0	12	0	0	parallel
local-1790212504	main	test-check5-nopayload.sh	0	53	0	0	parallel
local-1790212504	main	test-cockpit-sop.sh	0	4	0	0	parallel
local-1790212504	main	test-cockpit-sweep.sh	0	4	0	0	parallel
local-1790212504	main	test-cockpit-rebuild.sh	0	18	0	0	parallel
local-1790212504	main	test-cockpit-sphere.sh	0	8	0	0	parallel
local-1790212504	main	test-cockpit-unit-notify.sh	0	1	0	0	parallel
local-1790212504	main	test-cockpit-unclaimable.sh	0	3	0	0	parallel
local-1790212504	main	test-cockpit-tmp.sh	0	14	0	0	parallel
local-1790212504	main	test-containment.sh	0	4	0	0	parallel
local-1790212504	main	test-conf.sh	0	2	0	0	parallel
local-1790212504	main	test-cockpit.sh	0	6	0	0	parallel
local-1790212504	main	test-configure.sh	0	4	0	0	parallel
local-1790212504	main	test-cockpit-watcher-owner.sh	0	6	0	0	parallel
local-1790212504	main	test-cockpit-unadopted-queue.sh	0	10	0	0	parallel
local-1790212504	main	test-concierge.sh	0	7	0	0	parallel
local-1790212504	main	test-cockpit-tiered-collector.sh	0	18	0	0	parallel
local-1790212504	main	test-czar-partition.sh	0	1	0	0	parallel
local-1790212504	main	test-covers-entries.sh	0	4	0	0	parallel
local-1790212504	main	test-delivers-parity.sh	0	2	0	0	parallel
local-1790212504	main	test-ctx-pointer.sh	0	3	0	0	parallel
local-1790212504	main	test-czar-shadow.sh	0	2	0	0	parallel
local-1790212504	main	test-content-landed-empty-branch.sh	0	12	0	0	parallel
local-1790212504	main	test-destroy-branch.sh	0	2	0	0	parallel
local-1790212504	main	test-destructive-bead.sh	0	4	0	0	parallel
local-1790212504	main	test-cockpit-unlanded.sh	0	20	0	0	parallel
local-1790212504	main	test-cross-repo.sh	0	11	0	0	parallel
local-1790212504	main	test-doctor-bd-tag.sh	0	6	0	0	parallel
local-1790212504	main	test-attribution.sh	0	151	0	0	parallel
local-1790212504	main	test-doctor-checkout-mode.sh	0	8	0	0	parallel
local-1790212504	main	test-czar-pass.sh	0	15	0	0	parallel
local-1790212504	main	test-doctor-embedded.sh	0	6	0	0	parallel
local-1790212504	main	test-dependents.sh	0	15	0	0	parallel
local-1790212504	main	test-doctor-dolt.sh	0	9	0	0	parallel
local-1790212504	main	test-deploy.sh	0	17	0	0	parallel
local-1790212504	main	test-doctor-events-probe.sh	0	7	0	0	parallel
local-1790212504	main	test-doctor-cargo.sh	0	15	0	0	parallel
local-1790212504	main	test-doctor-gh-intake-skip.sh	0	5	0	0	parallel
local-1790212504	main	test-doctor-hooks-path.sh	0	5	0	0	parallel
local-1790212504	main	test-doctor-installing.sh	0	5	0	0	parallel
local-1790212504	main	test-doctor-missing-store.sh	0	4	0	0	parallel
local-1790212504	main	test-doctor-goal.sh	0	7	0	0	parallel
local-1790212504	main	test-census-events.sh	0	134	0	0	parallel
local-1790212504	main	test-doctor-enable-drift.sh	0	13	0	0	parallel
local-1790212504	main	test-content-landed-no-reopen.sh	0	28	0	0	parallel
local-1790212504	main	test-doctor-schema.sh	0	6	0	0	parallel
local-1790212504	main	test-drain-banner.sh	0	3	0	0	parallel
local-1790212504	main	test-doctor-snap-fresh.sh	0	7	0	0	parallel
local-1790212504	main	test-dummy.sh	0	2	0	0	parallel
local-1790212504	main	test-effective-lanes.sh	0	2	0	0	parallel
local-1790212504	main	test-drain-expiry.sh	0	5	0	0	parallel
local-1790212504	main	test-elastic-ceiling.sh	0	3	0	0	parallel
local-1790212504	main	test-ctrl.sh	0	35	0	0	parallel
local-1790212504	main	test-doctor-unit-install.sh	0	11	0	0	parallel
local-1790212504	main	test-fayth-free.sh	0	3	0	0	parallel
local-1790212504	main	test-fayth-predicates.sh	0	2	0	0	parallel
local-1790212504	main	test-fayth.sh	0	3	0	0	parallel
local-1790212504	main	test-doctor-unit-dup.sh	0	16	0	0	parallel
local-1790212504	main	test-cockpit-unsent.sh	0	51	0	0	parallel
local-1790212504	main	test-fayth-project-instructions.sh	0	5	0	0	parallel
local-1790212504	main	test-forge-check-status.sh	0	5	0	0	parallel
local-1790212504	main	test-focus-close-guard.sh	0	7	0	0	parallel
local-1790212504	main	test-event.sh	0	12	0	0	parallel
local-1790212504	main	test-forge-run-metadata.sh	0	7	0	0	parallel
local-1790212504	main	test-freshclone.sh	0	7	0	0	parallel
local-1790212504	main	test-check4-batch.sh	0	150	0	0	parallel
local-1790212504	main	test-gate-base-selection.sh	0	2	0	0	parallel
local-1790212504	main	test-gate-base-evidence.sh	0	5	0	0	parallel
local-1790212504	main	test-gate-check-stderr.sh	0	2	0	0	parallel
local-1790212504	main	test-gate-ci-diag.sh	0	2	0	0	parallel
local-1790212504	main	test-gate-discover-branch.sh	0	1	0	0	parallel
local-1790212504	main	test-gate-check-stuck.sh	0	4	0	0	parallel
local-1790212504	main	test-gate-host-cores.sh	0	1	0	0	parallel
local-1790212504	main	test-gate-fixture-diag.sh	0	4	0	0	parallel
local-1790212504	main	test-gate-check-flaky.sh	0	9	0	0	parallel
local-1790212504	main	test-gate-missing-cmd.sh	0	3	0	0	parallel
local-1790212504	main	test-gate-retry-structural.sh	0	2	0	0	parallel
local-1790212504	main	test-gate-retry.sh	0	2	0	0	parallel
local-1790212504	main	test-census.sh	0	166	0	0	parallel
local-1790212504	main	test-gate-preflight.sh	0	4	0	0	parallel
local-1790212504	main	test-gate-check-red-twice.sh	0	14	0	0	parallel
local-1790212504	main	test-gate-sweep.sh	0	7	0	0	parallel
local-1790212504	main	test-gate-vitals.sh	0	1	0	0	parallel
local-1790212504	main	test-gate-touched.sh	0	5	0	0	parallel
local-1790212504	main	test-gate-workflow.sh	0	1	0	0	parallel
local-1790212504	main	test-git-identity.sh	0	2	0	0	parallel
local-1790212504	main	test-gate-verdict.sh	0	11	0	0	parallel
local-1790212504	main	test-groom-trigger.sh	0	5	0	0	parallel
local-1790212504	main	test-gh-run-gate.sh	0	7	0	0	parallel
local-1790212504	main	test-governor-host-cores.sh	0	6	0	0	parallel
local-1790212504	main	test-groomer.sh	0	6	0	0	parallel
local-1790212504	main	test-host-unit-names.sh	77	1	0	0	parallel
local-1790212504	main	test-gh-intake.sh	0	12	0	0	parallel
local-1790212504	main	test-id-prefix.sh	0	2	0	0	parallel
local-1790212504	main	test-incident-cause.sh	0	2	0	0	parallel
local-1790212504	main	test-incident-delivers-satisfiable.sh	0	3	0	0	parallel
local-1790212504	main	test-hold.sh	0	6	0	0	parallel
local-1790212504	main	test-held.sh	0	8	0	0	parallel
local-1790212504	main	test-groomer-sweep.sh	0	15	0	0	parallel
local-1790212504	main	test-check4-events.sh	0	191	0	0	parallel
local-1790212504	main	test-install-conflicts.sh	0	10	0	0	parallel
local-1790212504	main	test-install-dolt-breaker.sh	1	9	0	0	parallel
local-1790212504	main	test-install-bootstrap-release.sh	0	6	0	0	parallel
local-1790212504	main	test-host-reason.sh	0	15	0	0	parallel
local-1790212504	main	test-incident-dedup.sh	0	38	0	0	parallel
local-1790212504	main	test-gh-issue-closeout.sh	0	47	0	0	parallel
local-1790212504	main	test-gate-tree.sh	1	39	0	0	parallel
local-1790212504	main	test-install-conf-seed.sh	0	33	0	0	parallel
local-1790212504	main	test-install-dolt-mode.sh	0	31	0	0	parallel
local-1790212504	main	test-incident-recur-cause.sh	0	54	0	0	parallel
local-1790212504	main	test-groom-escalation-check.sh	0	40	0	0	parallel
local-1790212504	main	test-install-dolt-port-wait.sh	0	28	0	0	parallel
local-1790212504	main	test-incident.sh	0	66	0	0	parallel
local-1790212504	main	test-install-aeons.sh	0	53	0	0	parallel
local-1790212504	main	test-incident-recur-bounded.sh	0	68	0	0	parallel
local-1790212504	main	test-install-dolt.sh	0	34	0	0	parallel
local-1790212504	main	test-install-landref.sh	0	4	0	0	parallel
local-1790212504	main	test-install-mail-deliver.sh	0	5	0	0	parallel
local-1790212504	main	test-install-loom-broker.sh	0	3	0	0	parallel
local-1790212504	main	test-install-rehearsal.sh	77	3	0	0	parallel
local-1790212504	main	test-install-prod-checkout.sh	0	6	0	0	parallel
local-1790212504	main	test-install-bd-init-cwd.sh	0	79	0	0	parallel
local-1790212504	main	test-install-halt.sh	0	21	0	0	parallel
local-1790212504	main	test-install-unit-ensure.sh	0	11	0	0	parallel
local-1790212504	main	test-install-unit-directive.sh	0	11	0	0	parallel
local-1790212504	main	test-install-exec.sh	0	52	0	0	parallel
local-1790212504	main	test-install-self-test.sh	0	6	0	0	parallel
local-1790212504	main	test-landing-build.sh	0	6	0	0	parallel
local-1790212504	main	test-inventory.sh	0	3	0	0	parallel
local-1790212504	main	test-install-idempotent.sh	0	51	0	0	parallel
local-1790212504	main	test-landing-mode-map.sh	0	20	0	0	parallel
local-1790212504	main	test-install-migrate.sh	0	55	0	0	parallel
local-1790212504	main	test-landing-gate-wait.sh	0	43	0	0	parallel
local-1790212504	main	test-landing-halt.sh	0	35	0	0	parallel
local-1790212504	main	test-install-instance.sh	0	56	0	0	parallel
local-1790212504	main	test-install-unit-prune.sh	0	47	0	0	parallel
local-1790212504	main	test-landing-order.sh	0	33	0	0	parallel
local-1790212504	main	test-landing-base-fail.sh	0	46	0	0	parallel
local-1790212504	main	test-landed-stays-landed.sh	0	46	0	0	parallel
local-1790212504	main	test-landing-basefail-fix.sh	0	45	0	0	parallel
local-1790212504	main	test-install-paths.sh	0	52	0	0	parallel
local-1790212504	main	test-landing-phase2-order.sh	0	42	0	0	parallel
local-1790212504	main	test-lane-ceiling.sh	0	1	0	0	parallel
local-1790212504	main	test-lanes.sh	0	2	0	0	parallel
local-1790212504	main	test-layout-guard.sh	0	1	0	0	parallel
local-1790212504	main	test-loom-ops.sh	77	1	0	0	parallel
local-1790212504	main	test-loom-conf-change.sh	0	16	0	0	parallel
local-1790212504	main	test-landing-race.sh	0	21	0	0	parallel
local-1790212504	main	test-limits.sh	0	16	0	0	parallel
local-1790212504	main	test-loom-page.sh	0	17	0	0	parallel
local-1790212504	main	test-loom-rebuild.sh	0	20	0	0	parallel
local-1790212504	main	test-literal-lint.sh	0	22	0	0	parallel
local-1790212504	main	test-loop-readonly.sh	0	14	0	0	parallel
local-1790212504	main	test-landing-queue-early.sh	0	66	0	0	parallel
local-1790212504	main	test-landing-pr.sh	0	87	0	0	parallel
local-1790212504	main	test-livelock.sh	0	79	0	0	parallel
local-1790212504	main	test-maechen-sibling-blind.sh	0	36	0	0	parallel
local-1790212504	main	test-maechen.sh	0	15	0	0	parallel
local-1790212504	main	test-mail-deliver.sh	0	2	0	0	parallel
local-1790212504	main	test-mail-health.sh	0	3	0	0	parallel
local-1790212504	main	test-mail-fence.sh	0	4	0	0	parallel
local-1790212504	main	test-maechen-trigger.sh	0	49	0	0	parallel
local-1790212504	main	test-mail-kinds.sh	0	4	0	0	parallel
local-1790212504	main	test-mail-pane.sh	0	5	0	0	parallel
local-1790212504	main	test-mail-repeat.sh	0	2	0	0	parallel
local-1790212504	main	test-migrate-ask.sh	0	2	0	0	parallel
local-1790212504	main	test-model-switch-report.sh	0	1	0	0	parallel
local-1790212504	main	test-mail-aeon.sh	0	10	0	0	parallel
local-1790212504	main	test-mail.sh	0	3	0	0	parallel
local-1790212504	main	test-null-close-reason.sh	0	2	0	0	parallel
local-1790212504	main	test-ops-allowlist.sh	0	2	0	0	parallel
local-1790212504	main	test-mail-decision-ask.sh	0	12	0	0	parallel
local-1790212504	main	test-mail-tidy.sh	0	7	0	0	parallel
local-1790212504	main	test-orphan-test.sh	0	1	0	0	parallel
local-1790212504	main	test-loom.sh	0	85	0	0	parallel
local-1790212504	main	test-now.sh	0	7	0	0	parallel
local-1790212504	main	test-mail-sendmail.sh	0	20	0	0	parallel
local-1790212504	main	test-output-visibility.sh	0	11	0	0	parallel
local-1790212504	main	test-pane-fyi.sh	0	16	0	0	parallel
local-1790212504	main	test-panel.sh	0	13	0	0	parallel
local-1790212504	main	test-owned.sh	0	16	0	0	parallel
local-1790212504	main	test-parallel-isolation.sh	77	9	0	0	parallel
local-1790212504	main	test-priority-bands.sh	0	1	0	0	parallel
local-1790212504	main	test-queue-flush.sh	0	1	0	0	parallel
local-1790212504	main	test-maechen-blind-window.sh	0	91	0	0	parallel
local-1790212504	main	test-pve.sh	0	3	0	0	parallel
local-1790212504	main	test-queue-abandon.sh	0	3	0	0	parallel
local-1790212504	main	test-pr-stall.sh	0	5	0	0	parallel
local-1790212504	main	test-pilgrimage.sh	0	28	0	0	parallel
local-1790212504	main	test-queue-eject.sh	0	12	0	0	parallel
local-1790212504	main	test-reclaim-escalated.sh	0	7	0	0	parallel
local-1790212504	main	test-ready.sh	0	8	0	0	parallel
local-1790212504	main	test-pr-notify.sh	0	14	0	0	parallel
local-1790212504	main	test-queue-submit.sh	0	5	0	0	parallel
local-1790212504	main	test-queue-sort-large.sh	0	6	0	0	parallel
local-1790212504	main	test-queue-protect.sh	0	7	0	0	parallel
local-1790212504	main	test-landing-rebase.sh	0	129	0	0	parallel
local-1790212504	main	test-reclaim-needs-ryan.sh	0	18	0	0	parallel
local-1790212504	main	test-ref-guard.sh	0	2	0	0	parallel
local-1790212504	main	test-release-acceptance.sh	0	1	0	0	parallel
local-1790212504	main	test-release-workflow.sh	0	1	0	0	parallel
local-1790212504	main	test-release.sh	0	2	0	0	parallel
local-1790212504	main	test-reopen-queue-eject.sh	0	1	0	0	parallel
local-1790212504	main	test-repo-lanes.sh	0	1	0	0	parallel
local-1790212504	main	test-repo-label.sh	0	2	0	0	parallel
local-1790212504	main	test-released-defects.sh	0	5	0	0	parallel
local-1790212504	main	test-resolve-output.sh	0	1	0	0	parallel
local-1790212504	main	test-repo.sh	0	4	0	0	parallel
local-1790212504	main	test-rollback.sh	0	1	0	0	parallel
local-1790212504	main	test-roster-warn.sh	0	2	0	0	parallel
local-1790212504	main	test-runner-deps.sh	0	1	0	0	parallel
local-1790212504	main	test-render-memories.sh	0	7	0	0	parallel
local-1790212504	main	test-schema-migration-guard.sh	0	2	0	0	parallel
local-1790212504	main	test-scratch-fence.sh	0	1	0	0	parallel
local-1790212504	main	test-scope-label.sh	0	2	0	0	parallel
local-1790212504	main	test-script-exec.sh	0	3	0	0	parallel
local-1790212504	main	test-reclaim-slay-branch-guard.sh	0	28	0	0	parallel
local-1790212504	main	test-review.sh	0	7	0	0	parallel
local-1790212504	main	test-schema.sh	0	5	0	0	parallel
local-1790212504	main	test-sending-metrics.sh	0	1	0	0	parallel
local-1790212504	main	test-sending-certified-guard.sh	0	5	0	0	parallel
local-1790212504	main	test-sending-content-label.sh	0	9	0	0	parallel
local-1790212504	main	test-sending-unlanded-guard.sh	0	6	0	0	parallel
local-1790212504	main	test-sending-empty-commit.sh	0	7	0	0	parallel
local-1790212504	main	test-sending-landstate-assert.sh	0	6	0	0	parallel
local-1790212504	main	test-sending-squash-merged.sh	0	6	0	0	parallel
local-1790212504	main	test-sentinel.sh	0	3	0	0	parallel
local-1790212504	main	test-sentinel-capacity.sh	0	9	0	0	parallel
local-1790212504	main	test-skew-check-release.sh	0	3	0	0	parallel
local-1790212504	main	test-skew-escalate.sh	0	1	0	0	parallel
local-1790212504	main	test-select.sh	0	18	0	0	parallel
local-1790212504	main	test-skew-refresh.sh	0	1	0	0	parallel
local-1790212504	main	test-skew-foreign.sh	0	4	0	0	parallel
local-1790212504	main	test-set-state-writers.sh	0	8	0	0	parallel
local-1790212504	main	test-snap-stale-threshold.sh	0	4	0	0	parallel
local-1790212504	main	test-session-hook.sh	0	14	0	0	parallel
local-1790212504	main	test-sop-lint.sh	0	8	0	0	parallel
local-1790212504	main	test-statusline.sh	0	3	0	0	parallel
local-1790212504	main	test-sentinel-order.sh	0	21	0	0	parallel
local-1790212504	main	test-soak.sh	0	12	0	0	parallel
local-1790212504	main	test-strand-capacity.sh	0	2	0	0	parallel
local-1790212504	main	test-statute-projection.sh	0	4	0	0	parallel
local-1790212504	main	test-strand-ghost-teardown.sh	0	1	0	0	parallel
local-1790212504	main	test-strand-deferred.sh	0	2	0	0	parallel
local-1790212504	main	test-strand-lock.sh	0	5	0	0	parallel
local-1790212504	main	test-sop.sh	0	34	0	0	parallel
local-1790212504	main	test-spike.sh	0	40	0	0	parallel
local-1790212504	main	test-strand-pool-paused.sh	0	28	0	0	parallel
local-1790212504	main	test-ops-closing.sh	0	119	0	0	parallel
local-1790212504	main	test-strand-partition.sh	0	6	0	0	parallel
local-1790212504	main	test-slay.sh	0	53	0	0	parallel
local-1790212504	main	test-strand-truncated.sh	0	35	0	0	parallel
local-1790212504	main	test-suite-cleanup.sh	0	2	0	0	parallel
local-1790212504	main	test-submit.sh	0	5	0	0	parallel
local-1790212504	main	test-suite-state-fence.sh	0	12	0	0	parallel
local-1790212504	main	test-suite-state.sh	0	11	0	0	parallel
local-1790212504	main	test-suite-times.sh	0	11	0	0	parallel
local-1790212504	main	test-suites-containment.sh	77	2	0	0	parallel
local-1790212504	main	test-suites-flake-branch.sh	0	12	0	0	parallel
local-1790212504	main	test-suites-confirm-red.sh	0	18	0	0	parallel
local-1790212504	main	test-landing.sh	0	252	0	0	parallel
local-1790212504	main	test-suites-timer.sh	0	1	0	0	parallel
local-1790212504	main	test-suites-fixture-fault.sh	0	25	0	0	parallel
local-1790212504	main	test-suites-hygiene.sh	0	15	0	0	parallel
local-1790212504	main	test-suites-red-dedup.sh	0	35	0	0	parallel
local-1790212504	main	test-suites-cluster.sh	0	49	0	0	parallel
local-1790212504	main	test-suites-setup-fault.sh	0	22	0	0	parallel
local-1790212504	main	test-suites-timeout.sh	0	20	0	0	parallel
local-1790212504	main	test-poison-ask.sh	0	185	0	0	parallel
local-1790212504	main	test-suites-watchdog-classify.sh	0	28	0	0	parallel
local-1790212504	main	test-testenv-batch-baseline.sh	0	0	0	0	parallel
local-1790212504	main	test-testenv-batch-branch.sh	77	1	0	0	parallel
local-1790212504	main	test-suites-unreached.sh	0	34	0	0	parallel
local-1790212504	main	test-testenv-batch-fence.sh	0	4	0	0	parallel
local-1790212504	main	test-suites-result-files.sh	0	43	0	0	parallel
local-1790212504	main	test-testenv-doctor-check.sh	0	1	0	0	parallel
local-1790212504	main	test-testenv-image-tag.sh	0	2	0	0	parallel
local-1790212504	main	test-testenv-batch.sh	77	4	0	0	parallel
local-1790212504	main	test-testdb-concurrent.sh	0	10	0	0	parallel
local-1790212504	main	test-testenv-mode.sh	77	2	0	0	parallel
local-1790212504	main	test-testenv-publish.sh	0	1	0	0	parallel
local-1790212504	main	test-testenv-registry.sh	0	2	0	0	parallel
local-1790212504	main	test-testenv-stdin.sh	77	1	0	0	parallel
local-1790212504	main	test-testenv-systemctl.sh	77	0	0	0	parallel
local-1790212504	main	test-testenv-suites.sh	77	3	0	0	parallel
local-1790212504	main	test-testenv-timeout.sh	77	2	0	0	parallel
local-1790212504	main	test-superseded.sh	0	42	0	0	parallel
local-1790212504	main	test-testenv-tmux-isolation.sh	0	2	0	0	parallel
local-1790212504	main	test-testdb-failsafe.sh	0	15	0	0	parallel
local-1790212504	main	test-testenv.sh	77	1	0	0	parallel
local-1790212504	main	test-thrash-wall.sh	0	1	0	0	parallel
local-1790212504	main	test-thrash.sh	0	2	0	0	parallel
local-1790212504	main	test-timer-templates.sh	0	2	0	0	parallel
local-1790212504	main	test-tmux-env.sh	0	8	0	0	parallel
local-1790212504	main	test-unclaimable-cycle.sh	0	0	0	0	parallel
local-1790212504	main	test-tokens.sh	0	8	0	0	parallel
local-1790212504	main	test-unit-name.sh	0	1	0	0	parallel
local-1790212504	main	test-unit-restart-limits.sh	0	1	0	0	parallel
local-1790212504	main	test-verdict-timer.sh	0	1	0	0	parallel
local-1790212504	main	test-poison-edge.sh	0	229	0	0	parallel
local-1790212504	main	test-unclaimable-bead.sh	0	38	0	0	parallel
local-1790212504	main	test-suites.sh	0	93	0	0	parallel
local-1790212504	main	test-requeue-cap.sh	0	210	0	0	parallel
local-1790212504	main	test-verify-asks.sh	0	32	0	0	parallel
local-1790212504	main	test-unit-drift.sh	0	21	0	0	parallel
local-1790212504	main	test-uninstall.sh	0	35	0	0	parallel
local-1790212504	main	test-unmapped-repo-park.sh	0	19	0	0	parallel
local-1790212504	main	test-testenv-scratch.sh	0	44	0	0	parallel
local-1790212504	main	test-watch-unit-restart.sh	0	0	0	0	parallel
local-1790212504	main	test-watchd-halt-health.sh	0	1	0	0	parallel
local-1790212504	main	test-watchd-prune.sh	0	0	0	0	parallel
local-1790212504	main	test-watchd-health-ids.sh	0	3	0	0	parallel
local-1790212504	main	test-watchd-unit-name.sh	0	2	0	0	parallel
local-1790212504	main	test-watch-refresh.sh	0	11	0	0	parallel
local-1790212504	main	test-wire-token.sh	0	4	0	0	parallel
local-1790212504	main	test-watchtower-czar-outcome.sh	0	9	0	0	parallel
local-1790212504	main	test-watchtower-queue.sh	0	28	0	0	parallel
local-1790212504	main	test-watchtower-throttle.sh	0	28	0	0	parallel
local-1790212504	main	test-schema-apply.sh	0	245	0	0	parallel
local-1790212504	main	test-requeue-cap-accept.sh	0	247	0	0	parallel
local-1790212504	main	test-work-services-exclusion.sh	0	11	0	0	parallel
local-1790212504	main	test-watch-notify.sh	0	66	0	0	parallel
local-1790212504	main	test-poison.sh	0	280	0	0	parallel
local-1790212504	main	test-watchd-tail.sh	0	20	0	0	parallel
local-1790212504	main	test-worktree-absent.sh	0	77	0	0	parallel
local-1790212504	main	test-world-start-honours-ctrl.sh	0	9	0	0	parallel
local-1790212504	main	test-world-drain.sh	0	11	0	0	parallel
local-1790212504	main	test-world-drain-deadline.sh	0	57	0	0	parallel
local-1790212504	main	test-requeue.sh	0	312	0	0	parallel
local-1790212504	main	test-sin-exempt.sh	0	294	0	0	parallel
local-1790212504	main	test-world-start-revives-watchers.sh	0	10	0	0	parallel
local-1790212504	main	test-watchtower.sh	0	93	0	0	parallel
local-1790212504	main	test-timeout.sh	0	150	0	0	parallel
local-1790212504	main	test-world-timer-names.sh	0	8	0	0	parallel
local-1790212504	main	test-world-timer-service-result.sh	0	3	0	0	parallel
local-1790212504	main	test-world.sh	0	6	0	0	parallel
local-1790212504	main	test-watchtower-lapse.sh	0	112	0	0	parallel
local-1790212504	main	test-watcher-reopen.sh	0	128	0	0	parallel
local-1790212504	main	test-yield.sh	0	33	0	0	parallel
local-1790212504	main	test-verdict.sh	0	232	0	0	parallel
local-1790212504	main	__batch__	0	1146	0	0	parallel
